timestamp,tool,scenario,iteration,duration_sec,exit_code
2026-03-05T09:47:20,make,cold_ci,1,2.573228,0
2026-03-05T09:47:23,make,cold_ci,2,2.718809,0
2026-03-05T09:47:26,make,cold_ci,3,2.592993,0
2026-03-05T09:47:28,make,cold_ci,4,2.627801,0
2026-03-05T09:47:31,make,cold_ci,5,2.647551,0
2026-03-05T09:47:34,make,cold_ci,6,2.603287,0
2026-03-05T09:47:36,make,cold_ci,7,2.584908,0
2026-03-05T09:47:42,just,cold_ci,1,2.648348,0
2026-03-05T09:47:44,just,cold_ci,2,2.565696,0
2026-03-05T09:47:47,just,cold_ci,3,2.569054,0
2026-03-05T09:47:49,just,cold_ci,4,2.589042,0
2026-03-05T09:47:52,just,cold_ci,5,2.582311,0
2026-03-05T09:47:55,just,cold_ci,6,2.525930,0
2026-03-05T09:47:57,just,cold_ci,7,2.518104,0
2026-03-05T09:48:19,please,cold_ci,1,10.840655,0
2026-03-05T09:48:30,please,cold_ci,2,11.011655,0
2026-03-05T09:48:41,please,cold_ci,3,10.908989,0
2026-03-05T09:48:52,please,cold_ci,4,10.906646,0
2026-03-05T09:49:03,please,cold_ci,5,10.932898,0
2026-03-05T09:49:14,please,cold_ci,6,10.779609,0
2026-03-05T09:49:25,please,cold_ci,7,10.767060,0
2026-03-05T09:49:35,make,warm_ci,1,2.614216,0
2026-03-05T09:49:40,make,warm_ci,2,2.607917,0
2026-03-05T09:49:46,make,warm_ci,3,2.544763,0
2026-03-05T09:49:51,make,warm_ci,4,2.587706,0
2026-03-05T09:49:56,make,warm_ci,5,2.552335,0
2026-03-05T09:50:01,make,warm_ci,6,2.978418,0
2026-03-05T09:50:07,make,warm_ci,7,2.567104,0
2026-03-05T09:50:17,just,warm_ci,1,2.549831,0
2026-03-05T09:50:22,just,warm_ci,2,2.598320,0
2026-03-05T09:50:27,just,warm_ci,3,2.588260,0
2026-03-05T09:50:32,just,warm_ci,4,2.617638,0
2026-03-05T09:50:37,just,warm_ci,5,2.562066,0
2026-03-05T09:50:43,just,warm_ci,6,2.602352,0
2026-03-05T09:50:48,just,warm_ci,7,2.677579,0
2026-03-05T09:50:59,please,warm_ci,1,0.008656,0
2026-03-05T09:50:59,please,warm_ci,2,0.008703,0
2026-03-05T09:50:59,please,warm_ci,3,0.008605,0
2026-03-05T09:50:59,please,warm_ci,4,0.008982,0
2026-03-05T09:50:59,please,warm_ci,5,0.016927,0
2026-03-05T09:50:59,please,warm_ci,6,0.009907,0
2026-03-05T09:50:59,please,warm_ci,7,0.008337,0
2026-03-05T09:51:10,make,touch_no_content_backend,1,2.578301,0
2026-03-05T09:51:15,make,touch_no_content_backend,2,2.561963,0
2026-03-05T09:51:20,make,touch_no_content_backend,3,2.593754,0
2026-03-05T09:51:25,make,touch_no_content_backend,4,2.601790,0
2026-03-05T09:51:30,make,touch_no_content_backend,5,2.571921,0
2026-03-05T09:51:36,make,touch_no_content_backend,6,2.576119,0
2026-03-05T09:51:41,make,touch_no_content_backend,7,2.575573,0
2026-03-05T09:51:51,just,touch_no_content_backend,1,2.526522,0
2026-03-05T09:51:56,just,touch_no_content_backend,2,2.548446,0
2026-03-05T09:52:01,just,touch_no_content_backend,3,2.606645,0
2026-03-05T09:52:06,just,touch_no_content_backend,4,2.557064,0
2026-03-05T09:52:12,just,touch_no_content_backend,5,2.690064,0
2026-03-05T09:52:17,just,touch_no_content_backend,6,2.642840,0
2026-03-05T09:52:22,just,touch_no_content_backend,7,2.582073,0
2026-03-05T09:52:33,please,touch_no_content_backend,1,0.008345,0
2026-03-05T09:52:33,please,touch_no_content_backend,2,0.008369,0
2026-03-05T09:52:33,please,touch_no_content_backend,3,0.008528,0
2026-03-05T09:52:33,please,touch_no_content_backend,4,0.008155,0
2026-03-05T09:52:33,please,touch_no_content_backend,5,0.008827,0
2026-03-05T09:52:33,please,touch_no_content_backend,6,0.008649,0
2026-03-05T09:52:33,please,touch_no_content_backend,7,0.008272,0
2026-03-05T09:52:45,make,content_change_backend,1,2.584811,0
2026-03-05T09:52:50,make,content_change_backend,2,2.524474,0
2026-03-05T09:52:55,make,content_change_backend,3,2.542626,0
2026-03-05T09:53:00,make,content_change_backend,4,2.553440,0
2026-03-05T09:53:05,make,content_change_backend,5,2.544334,0
2026-03-05T09:53:10,make,content_change_backend,6,2.540115,0
2026-03-05T09:53:15,make,content_change_backend,7,2.575213,0
2026-03-05T09:53:25,just,content_change_backend,1,2.550072,0
2026-03-05T09:53:30,just,content_change_backend,2,2.542402,0
2026-03-05T09:53:35,just,content_change_backend,3,2.550449,0
2026-03-05T09:53:41,just,content_change_backend,4,2.530514,0
2026-03-05T09:53:46,just,content_change_backend,5,2.599083,0
2026-03-05T09:53:51,just,content_change_backend,6,2.560771,0
2026-03-05T09:53:56,just,content_change_backend,7,2.545816,0
2026-03-05T09:54:15,please,content_change_backend,1,3.658278,0
2026-03-05T09:54:18,please,content_change_backend,2,3.613354,0
2026-03-05T09:54:22,please,content_change_backend,3,3.684505,0
2026-03-05T09:54:26,please,content_change_backend,4,3.597418,0
2026-03-05T09:54:29,please,content_change_backend,5,3.781422,0
2026-03-05T09:54:33,please,content_change_backend,6,3.934463,0
2026-03-05T09:54:37,please,content_change_backend,7,3.759401,0
2026-03-05T09:54:48,make,content_change_frontend,1,2.644567,0
2026-03-05T09:54:53,make,content_change_frontend,2,2.555846,0
2026-03-05T09:54:58,make,content_change_frontend,3,2.559527,0
2026-03-05T09:55:03,make,content_change_frontend,4,2.558725,0
2026-03-05T09:55:09,make,content_change_frontend,5,2.690362,0
2026-03-05T09:55:14,make,content_change_frontend,6,2.545202,0
2026-03-05T09:55:19,make,content_change_frontend,7,2.544926,0
2026-03-05T09:55:29,just,content_change_frontend,1,2.560375,0
2026-03-05T09:55:34,just,content_change_frontend,2,2.625462,0
2026-03-05T09:55:39,just,content_change_frontend,3,2.508479,0
2026-03-05T09:55:44,just,content_change_frontend,4,2.520583,0
2026-03-05T09:55:50,just,content_change_frontend,5,2.716938,0
2026-03-05T09:55:55,just,content_change_frontend,6,2.533951,0
2026-03-05T09:56:00,just,content_change_frontend,7,2.544504,0
2026-03-05T09:56:22,please,content_change_frontend,1,5.590613,0
2026-03-05T09:56:28,please,content_change_frontend,2,5.572277,0
2026-03-05T09:56:33,please,content_change_frontend,3,5.519224,0
2026-03-05T09:56:39,please,content_change_frontend,4,5.482502,0
2026-03-05T09:56:44,please,content_change_frontend,5,5.611886,0
2026-03-05T09:56:50,please,content_change_frontend,6,5.502133,0
2026-03-05T09:56:55,please,content_change_frontend,7,5.561615,0
